stratum,phase,window_tokens,uniform_expected_unique_experts,observed_unique_mean,observed_unique_median,observed_unique_min,observed_unique_max,observed_over_uniform_mean,effective_expert_count_mean,top128_concentration_mean,top16_concentration_mean,top256_concentration_mean,top32_concentration_mean,top64_concentration_mean
chat_en,prefill,1,10.0,10.0,10.0,10.0,10.0,1.0,9.999999999999998,1.0,1.0,1.0,1.0,1.0
chat_en,prefill,2,19.8046875,16.56430392795139,17.0,10.0,20.0,0.8363829991233838,15.959246952249641,1.0,0.9367099338107638,1.0,1.0,1.0
chat_en,prefill,4,38.84330928325653,27.108167860243057,27.0,11.0,40.0,0.6978851277207752,24.486642341767073,1.0,0.7221062554253472,1.0,0.9890997992621527,1.0
chat_en,prefill,8,74.7397383398046,43.557576497395836,43.0,14.0,80.0,0.5827900587417244,36.11382032563857,1.0,0.6327338324652778,1.0,0.8504503038194444,0.9985065036349826
chat_en,prefill,16,138.56926479073724,68.54590671885192,68.0,24.0,147.0,0.49466890671872804,51.535509795884,0.9999107312731028,0.5491360214176995,1.0,0.7574421749293324,0.9439807736736247
chat_en,prefill,32,239.63571484583883,103.5030487804878,102.0,33.0,229.0,0.4319182925094151,70.28339515156455,0.9918179469484729,0.4840526978960668,1.0,0.674537447127005,0.8673493377142386
chat_en,prefill,64,367.11268783684136,149.73215914272686,148.0,41.0,293.0,0.4078642991747358,91.9343874962271,0.9567389492134063,0.4311550156036252,0.9998870028571022,0.6065500936930005,0.7977366950595646
chat_en,prefill,128,470.99934916823327,204.98555249788316,205.0,58.0,364.0,0.4352140886391451,113.20082554279622,0.9148222093961685,0.3943144933672029,0.9983627211667372,0.5570001449821832,0.7416471657361347
chat_en,prefill,256,508.71669263939754,268.51171214043995,269.0,78.0,407.0,0.5278217051367209,135.76290749271246,0.8724002534766286,0.36363088540014277,0.98930810712114,0.5164926699978849,0.6942251137670526
chat_en,prefill,512,511.97894510307776,332.1381983901515,331.0,165.0,440.0,0.6487340965228198,161.1486241424794,0.8309428590716738,0.32707505081639143,0.9740383552782463,0.47126772331468986,0.6445045586788293
chat_en,prefill,1024,511.99999913416275,340.2451171875,335.0,251.0,459.0,0.6645412456306339,130.2449093706128,0.8975274721781413,0.3564286231994629,0.9860108693440756,0.5346484184265137,0.7333194096883138
chat_en,decode,1,10.0,10.0,10.0,10.0,10.0,1.0,9.999999999999998,1.0,1.0,1.0,1.0,1.0
chat_en,decode,2,19.8046875,16.813245985243057,17.0,10.0,20.0,0.8489528544817007,16.228651690415344,1.0,0.9296637641059028,1.0,1.0,1.0
chat_en,decode,4,38.84330928325653,28.02956814236111,28.0,12.0,40.0,0.7216060799032717,25.47828997830828,1.0,0.6991068522135416,1.0,0.9854203965928819,1.0
chat_en,decode,8,74.7397383398046,45.605021158854164,45.0,14.0,80.0,0.6101843834602512,38.23620098431286,1.0,0.607718743218316,1.0,0.8265092637803819,0.9984770033094618
chat_en,decode,16,138.56926479073724,71.86707899305556,71.0,22.0,138.0,0.5186365035679944,54.81978810256099,0.9999725341796875,0.5239871554904514,1.0,0.7341538323296442,0.9318841722276475
chat_en,decode,32,239.63571484583883,108.20526801215277,106.0,33.0,219.0,0.4515406565409618,74.4809731661369,0.9900022294786242,0.46314383612738713,1.0,0.6535024854871961,0.8523000929090712
chat_en,decode,64,367.11268783684136,153.5064697265625,152.0,48.0,289.0,0.4181453673831794,95.12855198136833,0.9527293947007921,0.41896275414360895,0.9999202728271485,0.5953965293036567,0.7892650180392795
chat_en,all,1,10.0,10.0,10.0,10.0,10.0,1.0,9.999999999999998,1.0,1.0,1.0,1.0,1.0
chat_en,all,2,19.8046875,16.660725911458332,17.0,10.0,20.0,0.8412516436554898,16.060839277113576,1.0,0.9344170464409722,1.0,1.0,1.0
chat_en,all,4,38.84330928325653,27.46478949652778,27.0,11.0,40.0,0.7070661589682452,24.86622946806815,1.0,0.7132022433810764,1.0,0.9879967583550348,1.0
chat_en,all,8,74.7397383398046,44.363132052951386,44.0,14.0,80.0,0.5935682013128569,36.95707295181213,1.0,0.6227595011393229,1.0,0.8409947713216146,0.998506842719184
chat_en,all,16,138.56926479073724,69.62897406684027,69.0,23.0,146.0,0.5024849786999424,52.61062404263432,0.9999253167046441,0.5405115763346354,1.0,0.7498006184895833,0.9404949612087674
chat_en,all,32,239.63571484583883,105.54851616753473,104.0,33.0,233.0,0.44045402929791005,72.18952727824636,0.9909407297770182,0.47434378729926213,1.0,0.6654955122205947,0.8610364702012804
chat_en,all,64,367.11268783684136,152.34275987413196,151.0,43.0,312.0,0.4149754691721218,94.30070997936052,0.9534033669365777,0.42263753679063587,0.9998453352186415,0.5992002487182617,0.7918600930107964
chat_en,all,128,470.99934916823327,206.56788465711804,206.0,58.0,388.0,0.43857360954300467,116.26573266562193,0.9117624176873101,0.38466383616129557,0.9978780428568522,0.5492367532518175,0.7365366088019477
chat_en,all,256,508.71669263939754,268.82062446898897,270.0,78.0,432.0,0.5284289435722168,139.057225434424,0.869279745745274,0.3535290662170773,0.9890929155935818,0.506198060482158,0.6861030053565739
chat_en,all,512,511.97894510307776,333.0874294704861,334.0,153.0,447.0,0.6505881397201304,161.77416997782498,0.8297222190433078,0.32739910549587675,0.9731950759887695,0.47121620178222656,0.6441957791646321
chat_en,all,1024,511.99999913416275,347.484375,344.0,251.0,467.0,0.6786804210695836,133.41218428995532,0.8912052790323893,0.3543019612630208,0.9836087544759115,0.5301955858866374,0.7264406840006511
code,prefill,1,10.0,10.0,10.0,10.0,10.0,1.0,9.999999999999998,1.0,1.0,1.0,1.0,1.0
code,prefill,2,19.8046875,16.560045030381943,17.0,10.0,20.0,0.8361679541968003,15.958145873083822,1.0,0.9364447699652778,1.0,1.0,1.0
code,prefill,4,38.84330928325653,27.072523328993057,27.0,12.0,40.0,0.6969674785320804,24.437232926171124,1.0,0.7229482014973958,1.0,0.9892544216579862,1.0
code,prefill,8,74.7397383398046,43.555989583333336,43.0,15.0,79.0,0.5827688262073625,36.05338986778537,1.0,0.6328854031032987,1.0,0.8508682250976562,0.9984958224826389
code,prefill,16,138.56926479073724,68.73975965711806,68.0,23.0,145.0,0.4960678672931302,51.34264488842678,0.9999378628200954,0.5508450826009115,1.0,0.7576137118869357,0.9446258544921875
code,prefill,32,239.63571484583883,103.8602317232376,102.0,30.0,231.0,0.43340881717089796,69.31318838402919,0.9920906086814621,0.49083624857212793,1.0,0.6791098492575065,0.8680082714588773
code,prefill,64,367.11268783684136,153.85388010087115,150.0,56.0,314.0,0.41909169908409594,92.08431721660496,0.9517464394199908,0.43922382758768913,0.9996883373094337,0.6098899005258482,0.7942232589336887
code,prefill,128,470.99934916823327,215.5792241946088,214.0,85.0,374.0,0.4577059916862166,116.5867182269075,0.9018288717075525,0.39891537999260357,0.9964702498356345,0.5552169689451841,0.7315117489264875
code,prefill,256,508.71669263939754,270.86825396825395,269.0,129.0,412.0,0.5324540316593429,130.13519765547886,0.8743723648313492,0.3864325241815476,0.9884027390252976,0.5350641353546627,0.7041236901661706
code,decode,1,10.0,10.0,10.0,10.0,10.0,1.0,9.999999999999998,1.0,1.0,1.0,1.0,1.0
code,decode,2,19.8046875,16.747762044270832,17.0,10.0,20.0,0.8456463675213675,16.1737818496217,1.0,0.9292310926649305,1.0,1.0,1.0
code,decode,4,38.84330928325653,27.984171549479168,28.0,11.0,40.0,0.7204373691595269,25.486956693514745,1.0,0.7000895182291667,1.0,0.9832329644097222,1.0
code,decode,8,74.7397383398046,45.31553819444444,45.0,16.0,80.0,0.6063111699484031,38.12547905314718,1.0,0.609637451171875,1.0,0.8286983913845486,0.9987809922960069
code,decode,16,138.56926479073724,70.68356662326389,71.0,18.0,145.0,0.5100955592858769,54.1915269412842,0.999979231092665,0.5277255588107639,1.0,0.7395895216200087,0.9339145236545139
code,decode,32,239.63571484583883,106.56666395399306,106.0,27.0,220.0,0.4447027606988756,73.7016467061576,0.9900920020209418,0.4667906019422743,1.0,0.6599992540147569,0.8575035095214844
code,decode,64,367.11268783684136,157.4832763671875,155.0,44.0,292.0,0.42897802659759604,99.00986471605306,0.9456243091159396,0.40789161258273654,0.9999304665459527,0.586814202202691,0.78192564646403
code,all,1,10.0,10.0,10.0,10.0,10.0,1.0,9.999999999999998,1.0,1.0,1.0,1.0,1.0
code,all,2,19.8046875,16.713148328993057,17.0,10.0,20.0,0.8438986138505369,16.126295241990316,1.0,0.9316887749565972,1.0,1.0,1.0
code,all,4,38.84330928325653,27.493489583333332,28.0,11.0,40.0,0.7078050271886707,24.915683808895555,1.0,0.7123945448133681,1.0,0.9866322835286458,1.0
code,all,8,74.7397383398046,44.257039388020836,44.0,16.0,80.0,0.5921487065797043,36.88058398754881,1.0,0.6236090766059028,1.0,0.8419526841905381,0.998604498969184
code,all,16,138.56926479073724,69.62151421440973,69.0,18.0,147.0,0.502431143872704,52.57072234391007,0.9999507480197483,0.5409041510687934,1.0,0.7499270968967013,0.9400914510091146
code,all,32,239.63571484583883,105.82119411892361,104.0,28.0,228.0,0.4415919145733345,71.8789882239462,0.9907928466796875,0.4776294708251953,1.0,0.6679165734185113,0.8611316257052951
code,all,64,367.11268783684136,157.38176812065973,154.0,44.0,321.0,0.42870152227102015,96.7312875957687,0.9465195761786567,0.42026104397243924,0.999719132317437,0.5945863511827257,0.784495374891493
code,all,128,470.99934916823327,222.66048177083334,220.0,84.0,390.0,0.47274052960804125,126.42098485710808,0.8917307747734917,0.36880114873250325,0.9947818226284451,0.5288667360941569,0.7134438726637099
code,all,256,508.71669263939754,286.8492744610282,286.0,128.0,428.0,0.5638684136208609,151.5255033508693,0.8475426011219942,0.33779203753368575,0.9809713638837064,0.48660391888215176,0.6628458699341833
code,all,512,511.97894510307776,366.0833333333333,369.0,252.0,446.0,0.7150359147281516,183.0076311981315,0.796844482421875,0.30065511067708334,0.9564005533854166,0.43850301106770834,0.608721923828125
knowledge,prefill,1,10.0,10.0,10.0,10.0,10.0,1.0,9.999999999999998,1.0,1.0,1.0,1.0,1.0
knowledge,prefill,2,19.8046875,16.43975151909722,16.0,10.0,20.0,0.8300939623055007,15.832693425460604,1.0,0.9392083062065972,1.0,1.0,1.0
knowledge,prefill,4,38.84330928325653,27.04736328125,27.0,12.0,40.0,0.6963197467036828,24.420367349120276,1.0,0.7235097249348958,1.0,0.9901746961805555,1.0
knowledge,prefill,8,74.7397383398046,43.2615966796875,43.0,15.0,80.0,0.5788299188712493,35.81704809992604,1.0,0.6345077514648437,1.0,0.8538896348741319,0.9989515516493056
knowledge,prefill,16,138.56926479073724,65.29397243923611,64.0,19.0,145.0,0.47120097330270844,48.58408622535595,0.9999527825249566,0.5671559651692708,1.0,0.7773831685384115,0.9584598117404514
knowledge,prefill,32,239.63571484583883,94.59644911024306,92.0,29.0,223.0,0.39475104606631084,62.633527181216195,0.9956162346733941,0.5182714250352648,1.0,0.7133742862277561,0.8972758399115668
knowledge,prefill,64,367.11268783684136,136.00174079065587,133.0,38.0,293.0,0.37046319916651904,79.9360769792786,0.9710180510514937,0.47525118187752696,0.9999199578490005,0.6558210100446429,0.8376076807123203
knowledge,prefill,128,470.99934916823327,189.21947950597178,189.0,62.0,349.0,0.4017404266908778,97.40996349793716,0.9353690976816978,0.4435074233594598,0.9990526097864074,0.6106260285185939,0.785585444447272
knowledge,prefill,256,508.71669263939754,244.13900386313466,248.0,102.0,395.0,0.4799115252075912,115.50116584684015,0.9022656303894178,0.40918513081194813,0.9948624297219922,0.5636187622878726,0.7365789754501242
knowledge,prefill,512,511.97894510307776,284.3466796875,290.0,145.0,398.0,0.5553874478768885,124.3723935828469,0.8883272806803385,0.3949371973673503,0.9911975224812826,0.542812728881836,0.714211908976237
knowledge,decode,1,10.0,10.0,10.0,10.0,10.0,1.0,9.999999999999998,1.0,1.0,1.0,1.0,1.0
knowledge,decode,2,19.8046875,16.580810546875,17.0,10.0,20.0,0.8372164694280079,15.989905508170423,1.0,0.9343946668836806,1.0,1.0,1.0
knowledge,decode,4,38.84330928325653,27.37948947482639,28.0,11.0,40.0,0.7048701560201093,24.808213165192498,1.0,0.7150597466362847,1.0,0.9876559787326389,1.0
knowledge,decode,8,74.7397383398046,44.25364854600694,44.0,13.0,79.0,0.5921033379165378,36.91190175411456,1.0,0.6239849514431424,1.0,0.8409944322374132,0.9986952039930556
knowledge,decode,16,138.56926479073724,69.59269205729167,68.0,19.0,140.0,0.5022231456765558,52.59625859383387,0.9999695671929254,0.5434187147352431,1.0,0.7503262837727864,0.9384121365017362
knowledge,decode,32,239.63571484583883,103.88624403211806,102.0,28.0,212.0,0.4335173665534355,70.00667553494132,0.9906898922390408,0.4908946567111545,1.0,0.6785169813368056,0.8666468726264106
knowledge,decode,64,367.11268783684136,148.3709360207251,147.0,49.0,275.0,0.40415638286701416,88.51629293212017,0.9576840701167821,0.45091577288510315,0.9999710291006009,0.6248842011746036,0.8084111400843653
knowledge,all,1,10.0,10.0,10.0,10.0,10.0,1.0,9.999999999999998,1.0,1.0,1.0,1.0,1.0
knowledge,all,2,19.8046875,16.54816351996528,17.0,10.0,20.0,0.8355680199430199,15.953510810169846,1.0,0.9355814615885417,1.0,1.0,1.0
knowledge,all,4,38.84330928325653,27.219129774305557,27.0,11.0,40.0,0.7007417822157188,24.620112751613252,1.0,0.7191663953993056,1.0,0.9890391031901041,1.0
knowledge,all,8,74.7397383398046,43.695231119791664,43.0,14.0,80.0,0.5846318449916305,36.28919918768439,1.0,0.6299106174045139,1.0,0.8483023749457466,0.9988494873046875
knowledge,all,16,138.56926479073724,67.07484266493056,66.0,19.0,143.0,0.4840528147870654,50.2262738381312,0.9999596489800348,0.5572199503580729,1.0,0.766160159640842,0.9505588955349392
knowledge,all,32,239.63571484583883,99.15738932291667,97.0,28.0,219.0,0.41378385265612877,66.45811429180864,0.9935862223307291,0.5021845923529731,1.0,0.6948486328125,0.882422595553928
knowledge,all,64,367.11268783684136,142.66053602430554,141.0,38.0,292.0,0.38860148600396305,85.37315244624382,0.9640811920166016,0.45604532029893663,0.9999297247992621,0.6354528215196398,0.8208689795600044
knowledge,all,128,470.99934916823327,196.50672743055554,196.0,63.0,360.0,0.41721231202883585,104.79876760846085,0.9273874918619792,0.41851087146335175,0.9987479951646593,0.5871298684014215,0.7687692642211914
knowledge,all,256,508.71669263939754,254.47067333877996,257.0,102.0,395.0,0.5002208046653598,122.43057440814707,0.893041008178445,0.39381940588192743,0.9928934733072917,0.552245581799343,0.7270921561712793
knowledge,all,512,511.97894510307776,305.48681640625,310.0,145.0,410.0,0.5966784754102451,140.51673891620433,0.8682204246520996,0.3566395123799642,0.9846178372701009,0.5099327087402343,0.6889055252075196
long_context_8k,prefill,1,10.0,10.0,10.0,10.0,10.0,1.0,9.999999999999998,1.0,1.0,1.0,1.0,1.0
long_context_8k,prefill,2,19.8046875,16.606689453125,17.0,10.0,20.0,0.8385231755424063,16.017821669678703,1.0,0.933782958984375,1.0,1.0,1.0
long_context_8k,prefill,4,38.84330928325653,27.263916015625,27.0,12.0,40.0,0.7018947797884243,24.723780138376966,1.0,0.7181020100911458,1.0,0.9887288411458334,1.0
long_context_8k,prefill,8,74.7397383398046,44.4339599609375,44.0,14.0,78.0,0.5945158619490782,37.1407421162394,1.0,0.621331787109375,1.0,0.8396708170572916,0.9988418579101562
long_context_8k,prefill,16,138.56926479073724,70.73238118489583,71.0,19.0,145.0,0.510447834819024,53.68799990291963,0.9999623616536458,0.5342913309733073,1.0,0.7424662272135417,0.9355992635091146
long_context_8k,prefill,32,239.63571484583883,107.0574951171875,107.0,23.0,226.0,0.44675099947459485,72.9065777355405,0.9909905751546224,0.47484283447265624,1.0,0.663402811686198,0.8567400614420573
long_context_8k,prefill,64,367.11268783684136,151.14546712239584,150.0,37.0,322.0,0.411714092512026,91.75287587141011,0.954791514078776,0.4361250559488932,0.9998069763183594,0.6118404388427734,0.7992692947387695
long_context_8k,prefill,128,470.99934916823327,200.56681315104166,199.0,51.0,389.0,0.4258324634741745,109.10372139496022,0.921346886952718,0.40732288360595703,0.9981917381286621,0.5740951855977376,0.7571483929951985
long_context_8k,prefill,256,508.71669263939754,253.21073404947916,254.0,90.0,427.0,0.49774410337458086,124.88984438197099,0.8932933648427327,0.3835322856903076,0.9921140352884928,0.5435838222503662,0.723383363087972
long_context_8k,prefill,512,511.97894510307776,304.8433024088542,309.0,125.0,455.0,0.5954215604461615,138.57893199003314,0.8702223698298136,0.36480325857798257,0.9837356885274251,0.5193223079045614,0.6963410059611003
long_context_8k,prefill,1024,511.99999913416275,351.7622477213542,359.0,200.0,470.0,0.6870356412426079,150.38551936676026,0.8514531215031942,0.3486395994822184,0.9759567856788636,0.49916050434112547,0.674377993742625
long_context_8k,decode,1,10.0,10.0,10.0,10.0,10.0,1.0,9.999999999999998,1.0,1.0,1.0,1.0,1.0
long_context_8k,decode,2,19.8046875,16.83735294117647,17.0,10.0,20.0,0.8501700893375101,16.25069139783087,1.0,0.9296848739495799,1.0,1.0,1.0
long_context_8k,decode,4,38.84330928325653,28.170241403265024,28.0,13.0,40.0,0.725227636961608,25.604209284540897,1.0,0.6956712400138937,1.0,0.9866240448072248,1.0
long_context_8k,decode,8,74.7397383398046,45.93682545589877,46.0,17.0,78.0,0.6146238463807133,38.54647724023118,1.0,0.6020445664309639,1.0,0.8237991951991068,0.9987933801637514
long_context_8k,decode,16,138.56926479073724,72.32007164567955,72.0,27.0,137.0,0.5219055737568857,55.271725829828306,0.9999816815023882,0.5171607007164568,1.0,0.7310267857142857,0.9326852882110291
long_context_8k,decode,32,239.63571484583883,110.51962540716612,108.0,48.0,195.0,0.4611984715144194,76.78737789431464,0.9908005903908795,0.44767762622149837,1.0,0.6409657471498371,0.8464920093648208
long_context_8k,all,1,10.0,10.0,10.0,10.0,10.0,1.0,9.999999999999998,1.0,1.0,1.0,1.0,1.0
long_context_8k,all,2,19.8046875,16.666666666666668,17.0,10.0,20.0,0.8415516107823799,16.078725754061825,1.0,0.9326578776041666,1.0,1.0,1.0
long_context_8k,all,4,38.84330928325653,27.361490885416668,28.0,12.0,40.0,0.7044067920652394,24.81535074709983,1.0,0.715606689453125,1.0,0.9884511311848958,1.0
long_context_8k,all,8,74.7397383398046,44.5179443359375,45.0,14.0,79.0,0.5956395529983853,37.22319162301104,1.0,0.6206436157226562,1.0,0.837841288248698,0.9988133748372395
long_context_8k,all,16,138.56926479073724,70.16158040364583,70.0,19.0,141.0,0.506328589601753,53.2083292506537,0.9999565124511719,0.5379404703776042,1.0,0.7458211263020833,0.9372868855794271
long_context_8k,all,32,239.63571484583883,106.3226318359375,106.0,27.0,218.0,0.4436844145053103,72.22030099476355,0.9913889567057291,0.47823410034179686,1.0,0.6667397816975912,0.8591916402180989
long_context_8k,all,64,367.11268783684136,150.95894368489584,150.0,36.0,327.0,0.4112060102700336,91.71374076838606,0.9549571990966796,0.4361530303955078,0.9998299916585286,0.6120841979980469,0.7995179494222006
long_context_8k,all,128,470.99934916823327,201.102783203125,200.0,47.0,385.0,0.42697040570919,109.50197220413216,0.9208892186482748,0.40570526123046874,0.9982227007548015,0.5726466178894043,0.7560794512430827
long_context_8k,all,256,508.71669263939754,253.76993815104166,254.0,88.0,428.0,0.49884334802224745,125.19518914080946,0.8927161216735839,0.3830978075663249,0.9919846534729004,0.5429356733957926,0.7226129372914633
long_context_8k,all,512,511.97894510307776,305.1550699869792,309.0,125.0,452.0,0.5960305065387829,138.87085499869315,0.8697502533594768,0.3643378019332886,0.9836234887440999,0.5186963637669881,0.6956752141316732
long_context_8k,all,1024,511.99999913416275,352.1304524739583,359.0,203.0,470.0,0.687754791151254,150.6216428556556,0.8510446747144064,0.3483111659685771,0.9758113106091817,0.4987231453259786,0.6738894184430441
math,prefill,1,10.0,10.0,10.0,10.0,10.0,1.0,9.999999999999998,1.0,1.0,1.0,1.0,1.0
math,prefill,2,19.8046875,16.22858344184028,16.0,10.0,20.0,0.8194314321718168,15.593755559112005,1.0,0.9467013888888889,1.0,1.0,1.0
math,prefill,4,38.84330928325653,26.19881921824104,26.0,11.0,40.0,0.6744744384983203,23.499952397705904,1.0,0.7447441639522259,1.0,0.9913806324647123,1.0
math,prefill,8,74.7397383398046,41.44748802525582,41.0,14.0,79.0,0.5545575746708479,33.957826868006876,1.0,0.658319725669497,1.0,0.8740534168843893,0.9988231071739604
math,prefill,16,138.56926479073724,64.74652090209021,63.0,21.0,142.0,0.46725023041630687,47.846995695095714,0.9999557377612761,0.5774067484873487,1.0,0.7838612142464246,0.9569910272277228
math,prefill,32,239.63571484583883,99.60197368421052,98.0,32.0,216.0,0.4156391034962628,66.58355226511783,0.9936459247076024,0.5020500730994152,1.0,0.6943466739766082,0.8809586074561403
math,prefill,64,367.11268783684136,151.43442260007086,151.0,52.0,297.0,0.41250119545684016,92.72599099048206,0.9532166370549947,0.4329527057319341,0.9997406557186503,0.6076746120040737,0.7962314650305526
math,prefill,128,470.99934916823327,188.7966856060606,189.0,75.0,365.0,0.40084277385832545,96.88190758087426,0.937943818063447,0.4426406397964015,0.9990022786458334,0.612448212594697,0.7899015299479166
math,prefill,256,508.71669263939754,221.18359375,227.0,126.0,399.0,0.43478737173420295,102.09114550165809,0.9361831665039062,0.41676241556803384,0.9984399159749349,0.5988279978434244,0.7886282602945963
math,prefill,512,511.97894510307776,271.8466796875,281.0,162.0,411.0,0.5309723813598791,110.6227064081888,0.9197057723999024,0.4049435297648112,0.9938870747884114,0.5828693389892579,0.7696008682250977
math,decode,1,10.0,10.0,10.0,10.0,10.0,1.0,9.999999999999998,1.0,1.0,1.0,1.0,1.0
math,decode,2,19.8046875,16.661512586805557,17.0,10.0,20.0,0.8412913653298268,16.07054956142777,1.0,0.932977294921875,1.0,1.0,1.0
math,decode,4,38.84330928325653,27.605211046006943,28.0,12.0,40.0,0.7106812358520188,25.045421114156767,1.0,0.7096364339192708,1.0,0.9864078097873263,1.0
math,decode,8,74.7397383398046,44.662570529513886,44.0,14.0,79.0,0.5975746172197618,37.31836542965061,1.0,0.6200156317816841,1.0,0.83665771484375,0.9986680772569444
math,decode,16,138.56926479073724,70.20065646701389,69.0,20.0,141.0,0.5066105862149779,53.17130544817918,0.9999851650661893,0.5399204678005642,1.0,0.7466657850477431,0.9367123074001736
math,decode,32,239.63571484583883,106.01057942708333,104.0,27.0,222.0,0.4423822195922736,71.71371003786402,0.9901963127983942,0.4843634711371528,1.0,0.6716141594780816,0.8604978349473741
math,decode,64,367.11268783684136,151.6966453135536,150.0,43.0,288.0,0.4132154794414877,90.29010495569574,0.9536925432681501,0.449123947270454,0.9999549363269836,0.6231598963601371,0.8040187884566756
math,all,1,10.0,10.0,10.0,10.0,10.0,1.0,9.999999999999998,1.0,1.0,1.0,1.0,1.0
math,all,2,19.8046875,16.515543619791668,17.0,10.0,20.0,0.8339209401709402,15.909575964099577,1.0,0.9376329210069444,1.0,1.0,1.0
math,all,4,38.84330928325653,27.022257486979168,27.0,11.0,40.0,0.6956734116015999,24.40833735382711,1.0,0.7241641574435764,1.0,0.9884989420572917,1.0
math,all,8,74.7397383398046,43.209011501736114,43.0,15.0,79.0,0.5781263416428637,35.79733762910673,1.0,0.6372745090060764,1.0,0.8536736382378473,0.9988186306423611
math,all,16,138.56926479073724,67.72177463107639,67.0,20.0,142.0,0.48872146888667983,50.81016003590721,0.9999751620822482,0.5558128356933594,1.0,0.7634108649359809,0.9463063557942708
math,all,32,239.63571484583883,103.57253689236111,102.0,27.0,219.0,0.4322082664472232,70.0293158350979,0.9914524926079644,0.48857799106174044,1.0,0.6794083065456814,0.8684316847059462
math,all,64,367.11268783684136,152.121826171875,150.0,44.0,306.0,0.4143736547713209,92.16331731472627,0.9528934902615017,0.43733168707953557,0.9998185475667317,0.6139964845445421,0.799534183078342
math,all,128,470.99934916823327,210.71354854689565,210.0,72.0,367.0,0.44737545586635663,115.0863450164572,0.9097628836587681,0.39689877979139143,0.9970413295354469,0.5635275191958389,0.7444206825703159
math,all,256,508.71669263939754,250.22060502283105,252.0,109.0,407.0,0.4918663150693961,116.72330266606549,0.9005272619981926,0.41044096924942924,0.992582138270548,0.5698163780084665,0.7424751177226028
math,all,512,511.97894510307776,286.5699869791667,289.0,162.0,411.0,0.5597300235099921,117.03787395279848,0.9079330444335938,0.39597562154134114,0.9908899307250977,0.5691081364949544,0.7543211619059245
multilingual,prefill,1,10.0,10.0,10.0,10.0,10.0,1.0,9.999999999999998,1.0,1.0,1.0,1.0,1.0
multilingual,prefill,2,19.8046875,16.13420952690972,16.0,10.0,20.0,0.8146662009642779,15.50002411941831,1.0,0.9481560601128473,1.0,1.0,1.0
multilingual,prefill,4,38.84330928325653,25.90143500434028,26.0,11.0,40.0,0.666818442668198,23.216662486616375,1.0,0.7519405788845486,1.0,0.9929728190104167,1.0
multilingual,prefill,8,74.7397383398046,40.692233615451386,40.0,13.0,74.0,0.5444524495181391,33.21859658422908,1.0,0.6670369466145833,1.0,0.8827621459960937,0.9994093153211806
multilingual,prefill,16,138.56926479073724,62.07689073350694,61.0,17.0,133.0,0.4479845572339106,45.394922415385594,0.9999983045789931,0.5947864108615452,1.0,0.8008471171061198,0.9682970682779948
multilingual,prefill,32,239.63571484583883,93.68243501529052,92.0,24.0,211.0,0.39093686463037364,61.15017940353064,0.9962189240661861,0.5311965855723023,1.0,0.7220495354821974,0.9007567186134775
multilingual,prefill,64,367.11268783684136,142.37157153446998,141.0,44.0,287.0,0.3878143585103908,83.55393543426898,0.9661661029775143,0.46787990139300717,0.999955310260687,0.6425077845085866,0.823461823573017
multilingual,prefill,128,470.99934916823327,193.1957711442786,194.0,72.0,353.0,0.4101826711341638,98.47865137837475,0.931103807136194,0.44826720887748756,0.9989804395988806,0.6093204874067164,0.7803497162624378
multilingual,prefill,256,508.71669263939754,231.90345528455285,236.0,109.0,340.0,0.45585973222415366,92.75666670025609,0.9283872030614837,0.48419596354166666,0.9982242243076728,0.6398471243013212,0.7948074464875509
multilingual,decode,1,10.0,10.0,10.0,10.0,10.0,1.0,9.999999999999998,1.0,1.0,1.0,1.0,1.0
multilingual,decode,2,19.8046875,16.33319769965278,16.0,10.0,20.0,0.8247137300021915,15.731326568021947,1.0,0.9403530544704861,1.0,1.0,1.0
multilingual,decode,4,38.84330928325653,26.59807671440972,27.0,10.0,40.0,0.6847531069108693,23.990721814257487,1.0,0.7342447916666667,1.0,0.9905324300130208,1.0
multilingual,decode,8,74.7397383398046,42.61107042100694,43.0,13.0,78.0,0.5701260315800879,35.15937100375355,1.0,0.6445710923936632,1.0,0.858929443359375,0.9993837144639757
multilingual,decode,16,138.56926479073724,66.67784288194444,66.0,18.0,133.0,0.4811878231629441,49.46451534434296,0.9999957614474826,0.5651094224717882,1.0,0.7698271857367621,0.9521476745605468
multilingual,decode,32,239.63571484583883,100.27334255642361,100.0,28.0,205.0,0.4184407262537261,66.09003461690857,0.9941873762342665,0.5092606862386068,1.0,0.6952086978488499,0.8800223880343967
multilingual,decode,64,367.11268783684136,144.0511662286465,144.0,43.0,291.0,0.39238950600549183,83.84245651962246,0.9629815655113885,0.4703748451530333,0.9999511290995948,0.641873229098226,0.8205269117184077
multilingual,all,1,10.0,10.0,10.0,10.0,10.0,1.0,9.999999999999998,1.0,1.0,1.0,1.0,1.0
multilingual,all,2,19.8046875,16.29010687934028,16.0,10.0,20.0,0.8225379410475564,15.677793812273926,1.0,0.9424411349826389,1.0,1.0,1.0
multilingual,all,4,38.84330928325653,26.248982747395832,26.0,11.0,40.0,0.6757658714395506,23.6048042183099,1.0,0.7431145562065973,1.0,0.9919209798177083,1.0
multilingual,all,8,74.7397383398046,41.541300455729164,41.0,13.0,78.0,0.5558127627750238,34.08257304694748,1.0,0.6571043226453993,1.0,0.8721488104926215,0.999414571126302
multilingual,all,16,138.56926479073724,64.53272840711806,64.0,16.0,133.0,0.46570737388679423,47.59853395027937,0.9999978807237413,0.578472900390625,1.0,0.7842842949761285,0.9599103291829427
multilingual,all,32,239.63571484583883,97.84326171875,97.0,24.0,211.0,0.40829999727584015,64.54317158329644,0.9948435889350044,0.5147041744656033,1.0,0.7042544894748264,0.8879134284125434
multilingual,all,64,367.11268783684136,143.94080946180554,143.0,43.0,289.0,0.3920888986702041,84.52156778682928,0.9642652723524305,0.4637871000501845,0.9999411265055339,0.6390220006306966,0.8205807791815863
multilingual,all,128,470.99934916823327,197.77920193142361,197.0,72.0,363.0,0.41991396013751203,103.5442888480302,0.926328616672092,0.4285997496710883,0.9986438963148329,0.5932046254475911,0.7695358064439561
multilingual,all,256,508.71669263939754,252.97384615384615,255.0,109.0,408.0,0.49727844557514056,116.54136645043022,0.8975778245192307,0.4170242638221154,0.9933225661057692,0.5713506360176283,0.7390818309294872
session,prefill,1,10.0,10.0,10.0,10.0,10.0,1.0,9.999999999999998,1.0,1.0,1.0,1.0,1.0
session,prefill,2,19.8046875,16.536295572916668,17.0,10.0,20.0,0.8349687705456936,15.92374665239146,1.0,0.9382113986545139,1.0,1.0,1.0
session,prefill,4,38.84330928325653,27.097547743055557,27.0,11.0,40.0,0.6976117185446915,24.464564533278644,1.0,0.722332763671875,1.0,0.9895375569661459,1.0
session,prefill,8,74.7397383398046,43.78487171124157,43.0,14.0,79.0,0.5858312148775987,36.33126105518781,1.0,0.6289792957708198,1.0,0.8478529639595564,0.9987891389432485
session,prefill,16,138.56926479073724,69.15262621252205,68.0,20.0,144.0,0.49904736318659176,51.95743765696005,0.9999590084876543,0.5443888992228836,1.0,0.7533288380456349,0.9430703676146385
session,prefill,32,239.63571484583883,104.96554815573771,104.0,33.0,225.0,0.4380213033907053,71.06193749356382,0.9921739366319444,0.47906060557547814,1.0,0.6687714790385929,0.8636510630122951
session,prefill,64,367.11268783684136,150.7087597927723,149.0,50.0,302.0,0.4105245195441268,91.88337544763868,0.9567693278920267,0.4306929620372125,0.9999038738706723,0.6053291388283422,0.7963049806908643
session,prefill,128,470.99934916823327,199.22973972197573,198.0,81.0,365.0,0.42299366246218345,108.61637388254536,0.9220509025621118,0.4050100024724564,0.9986841101929902,0.5689284298977744,0.7532574323887163
session,prefill,256,508.71669263939754,252.984402383456,253.0,123.0,430.0,0.49729919627933916,124.73498442156216,0.8910508555276244,0.3826947853684718,0.9933412077884025,0.5375237294760997,0.7170382173780888
session,prefill,512,511.97894510307776,312.496278575226,312.0,171.0,465.0,0.6103693942185658,141.61894546817913,0.8619129787284855,0.3602645168274023,0.9824566660125099,0.5086793160324462,0.6843192019911284
session,prefill,1024,511.99999913416275,368.2202154626109,369.0,266.0,485.0,0.719180109541609,149.44946600783692,0.8526968565579451,0.350266218487603,0.9734470691366643,0.5015598079550856,0.6787976089690273
session,decode,1,10.0,10.0,10.0,10.0,10.0,1.0,9.999999999999998,1.0,1.0,1.0,1.0,1.0
session,decode,2,19.8046875,16.56716579861111,17.0,10.0,20.0,0.8365275038351961,15.970866131450455,1.0,0.9355733235677083,1.0,1.0,1.0
session,decode,4,38.84330928325653,27.577772352430557,28.0,10.0,40.0,0.7099748415184078,25.053052986673617,1.0,0.7102006700303819,1.0,0.9861606174045139,1.0
session,decode,8,74.7397383398046,44.93238661024306,45.0,13.0,79.0,0.6011846924852443,37.82617111108687,1.0,0.6124513414171007,1.0,0.8334279378255208,0.998701646592882
session,decode,16,138.56926479073724,70.67350217864924,70.0,17.0,140.0,0.5100229281390649,54.55395379348497,0.9999713201252723,0.5239232706971677,1.0,0.7379035607298475,0.934350234885621
session,decode,32,239.63571484583883,104.24600856697819,103.0,26.0,221.0,0.4350186642005395,73.2673829061807,0.9908256147085002,0.46443048196206055,1.0,0.6603011480585225,0.8624525408878505
session,decode,64,367.11268783684136,142.63913456401733,140.0,40.0,274.0,0.38854318929835385,90.80123135842473,0.9636934385573099,0.4252031843577492,0.9999702283789399,0.6099790346575058,0.8088537183919986
session,all,1,10.0,10.0,10.0,10.0,10.0,1.0,9.999999999999998,1.0,1.0,1.0,1.0,1.0
session,all,2,19.8046875,16.57769097222222,17.0,10.0,20.0,0.8370589524435678,15.970654698491044,1.0,0.9368116590711806,1.0,1.0,1.0
session,all,4,38.84330928325653,27.316758897569443,27.0,11.0,40.0,0.7032551912188485,24.70278316621575,1.0,0.7168050130208333,1.0,0.9888214111328125,1.0
session,all,8,74.7397383398046,44.219482421875,44.0,13.0,79.0,0.5916462032664724,36.822384458467766,1.0,0.623480224609375,1.0,0.8425050523546007,0.9987998114691841
session,all,16,138.56926479073724,69.90725368923611,69.0,18.0,144.0,0.5044932135189413,52.899835256626744,0.9999613444010417,0.537386237250434,1.0,0.7472468905978733,0.9396575080023871
session,all,32,239.63571484583883,105.26597764756944,104.0,28.0,222.0,0.4392749958631525,71.94592321085342,0.9915329403347439,0.4742120530870226,1.0,0.6654667324490018,0.8621219635009766
session,all,64,367.11268783684136,149.79424370659723,149.0,41.0,307.0,0.40803341499646395,92.51765560610478,0.957018174065484,0.42639452616373696,0.9998900307549371,0.604186905754937,0.797309324476454
session,all,128,470.99934916823327,200.4533415841584,200.0,80.0,371.0,0.4255915468633902,112.3709672078608,0.9191971990167767,0.3915881441659791,0.9984729097909791,0.5580538366336634,0.7463600862039329
session,all,256,508.71669263939754,257.21012962962965,257.0,119.0,434.0,0.5056058378881472,129.99098516173248,0.8840441984953704,0.3704878616898148,0.9921594979745371,0.5248831597222222,0.7056463541666667
session,all,512,511.97894510307776,312.6201963906582,312.0,160.0,464.0,0.6106114311550794,145.09228079576658,0.8577413208266985,0.3522097836634156,0.9818847345242835,0.5001661503947717,0.6768191171957936
session,all,1024,511.99999913416275,368.49342447916666,369.0,249.0,485.0,0.7197137209029719,151.9437899253582,0.8464145596822102,0.34788848876953127,0.9726091702779134,0.4948060925801595,0.6697409184773763
